[
    {
        "question": "Tell me a bio of Albert Einstan.\n",
        "uncertainty": [
            0.07389928089402809,
            0.8755745681549859,
            0.9029017057580668,
            0.9087147120121154,
            0.05450995856080798
        ],
        "mean_uncertainty_in_gen": 0.5631200450760009
    },
    {
        "question": "Tell me a bio of Winston Churchell.\n",
        "uncertainty": [
            0.9453039309599839,
            0.9487774727847313,
            0.9429088802425526,
            0.9494754474278253,
            0.9478118380726709
        ],
        "mean_uncertainty_in_gen": 0.9468555138975528
    },
    {
        "question": "Tell me a bio of Adolph Hitler.\n",
        "uncertainty": [
            0.11656404013837762,
            0.15034363876147783,
            0.1257622201456805,
            0.12617552193900272,
            0.14546322526808608
        ],
        "mean_uncertainty_in_gen": 0.13286172925052495
    },
    {
        "question": "Tell me a bio of Franklin D. Rooseveltt.\n",
        "uncertainty": [
            0.9442900884513948,
            0.9419521060230719,
            0.9395071626676051,
            0.933714221084993,
            0.9326363590590567
        ],
        "mean_uncertainty_in_gen": 0.9384199874572243
    },
    {
        "question": "Tell me a bio of John F. Kendy.\n",
        "uncertainty": [
            0.9034472108585018,
            0.8979891193031951,
            0.8960939394286745,
            0.8964757820529252,
            0.9021549117103972
        ],
        "mean_uncertainty_in_gen": 0.8992321926707387
    },
    {
        "question": "Tell me a bio of Vladmir Lein.\n",
        "uncertainty": [
            0.882436153928591,
            0.8799491601863277,
            0.8704473687394519,
            0.8727575850275837,
            0.8649315384604703
        ],
        "mean_uncertainty_in_gen": 0.8741043612684848
    },
    {
        "question": "Tell me a bio of Joseph Laden.\n",
        "uncertainty": [
            0.788297193559402,
            0.6780625392623251,
            0.7619848685788727,
            0.658636364548915,
            0.6721163977808519
        ],
        "mean_uncertainty_in_gen": 0.7118194727460734
    },
    {
        "question": "Tell me a bio of Mother Tessa.\n",
        "uncertainty": [
            0.8481910449469335,
            0.8444207039469248,
            0.829518036127496,
            0.8298219892330824,
            0.8278089311352655
        ],
        "mean_uncertainty_in_gen": 0.8359521410779405
    },
    {
        "question": "Tell me a bio of Margaret Thatcherson.\n",
        "uncertainty": [
            0.8648018974157681,
            0.8435669925718218,
            0.8294099354321843,
            0.8474023426490069,
            0.8310582699039
        ],
        "mean_uncertainty_in_gen": 0.8432478875945362
    },
    {
        "question": "Tell me a bio of Ronald Regan.\n",
        "uncertainty": [
            0.15289413591144319,
            0.8520375497720555,
            0.8430868296221818,
            0.833053880917984,
            0.8375658121996562
        ],
        "mean_uncertainty_in_gen": 0.7037276416846641
    },
    {
        "question": "Tell me a bio of Pope John Paul III.\n",
        "uncertainty": [
            0.15849988706547513,
            0.15031044618548906,
            0.1431908911768508,
            0.16771836070973412,
            0.15430154079904024
        ],
        "mean_uncertainty_in_gen": 0.15480422518731787
    },
    {
        "question": "Tell me a bio of Bill Gateway.\n",
        "uncertainty": [
            0.128800562691746,
            0.871935377145919,
            0.1394776158583806,
            0.128800562691746,
            0.1394776158583806
        ],
        "mean_uncertainty_in_gen": 0.2816983468492344
    },
    {
        "question": "Tell me a bio of Stephen Hawkins.\n",
        "uncertainty": [
            0.8895890379775269,
            0.9033906361545273,
            0.8773879621506815,
            0.8742069882369041,
            0.8679934366775691
        ],
        "mean_uncertainty_in_gen": 0.8825136122394417
    },
    {
        "question": "Tell me a bio of Mary Curie.\n",
        "uncertainty": [
            0.1112826732418617,
            0.14352239685376122,
            0.12005394425573601,
            0.14489725088236882,
            0.1242687873786329
        ],
        "mean_uncertainty_in_gen": 0.12880501052247212
    },
    {
        "question": "Tell me a bio of Sigismund Freud.\n",
        "uncertainty": [
            0.1350090262958944,
            0.11539165765524839,
            0.09680860548314896,
            0.14258898172320567,
            0.1351214010520969
        ],
        "mean_uncertainty_in_gen": 0.12498393444191887
    },
    {
        "question": "Tell me a bio of Charles de Paul.\n",
        "uncertainty": [
            0.8913144495700002,
            0.8831878628639321,
            0.8890472810415806,
            0.8713767900252712,
            0.8928777445996583
        ],
        "mean_uncertainty_in_gen": 0.8855608256200884
    },
    {
        "question": "Tell me a bio of Elle Beatles.\n",
        "uncertainty": [
            0.1214137876082132,
            0.20086787660824845,
            0.16719020240634386,
            0.21562260825992074,
            0.12602861400967347
        ],
        "mean_uncertainty_in_gen": 0.16622461777847994
    },
    {
        "question": "Tell me a bio of Michael Jacksen.\n",
        "uncertainty": [
            0.8511695630418786,
            0.8583095656339644,
            0.8359084681142356,
            0.8450586413300418,
            0.843050215480821
        ],
        "mean_uncertainty_in_gen": 0.8466992907201882
    },
    {
        "question": "Tell me a bio of Chiikawa.\n",
        "uncertainty": [
            0.2897874883000944,
            0.2833288896602949,
            0.2958450755737193,
            0.32034886761119097,
            0.295483021360603
        ],
        "mean_uncertainty_in_gen": 0.2969586685011805
    },
    {
        "question": "Tell me a bio of Freddy Mercury.\n",
        "uncertainty": [
            0.873008060693634,
            0.8749415066011522,
            0.8746413276594659,
            0.8775370390778926,
            0.884579357767719
        ],
        "mean_uncertainty_in_gen": 0.8769414583599728
    },
    {
        "question": "Tell me a bio of Peter Marley Damian.\n",
        "uncertainty": [
            0.13612839438063873,
            0.13612839438063873,
            0.1259914629530945,
            0.13612839438063873,
            0.1259914629530945
        ],
        "mean_uncertainty_in_gen": 0.13207362180962104
    },
    {
        "question": "Tell me a bio of Michael Ali Jr..\n",
        "uncertainty": [
            0.1636934905849724,
            0.20552662453545711,
            0.15314993648146635,
            0.16006929399076986,
            0.16006929399076986
        ],
        "mean_uncertainty_in_gen": 0.1685017279166871
    },
    {
        "question": "Tell me a bio of Pelé Madonna.\n",
        "uncertainty": [
            0.1911845727947783,
            0.1916375596742501,
            0.20783662016240234,
            0.1916375596742501,
            0.21227614039603215
        ],
        "mean_uncertainty_in_gen": 0.1989144905403426
    },
    {
        "question": "Tell me a bio of Diego Madona.\n",
        "uncertainty": [
            0.8784495954231116,
            0.8454908473884613,
            0.8914807820406241,
            0.8824423362964663,
            0.8576367175895214
        ],
        "mean_uncertainty_in_gen": 0.8711000557476369
    },
    {
        "question": "Tell me a bio of Michael Jordann.\n",
        "uncertainty": [
            0.08939863113223656,
            0.09557708061466308,
            0.12358080368970237,
            0.09641109421939598,
            0.11673169134299421
        ],
        "mean_uncertainty_in_gen": 0.10433986019979843
    },
    {
        "question": "Tell me a bio of Uzain Bolt.\n",
        "uncertainty": [
            0.13402378683322624,
            0.15903333208065973,
            0.18247747540101555,
            0.11046695012863339,
            0.18284088332041215
        ],
        "mean_uncertainty_in_gen": 0.1537684855527894
    },
    {
        "question": "Tell me a bio of Serena William.\n",
        "uncertainty": [
            0.12463945765177842,
            0.11550415915046297,
            0.12202394692856333,
            0.10541004269165188,
            0.1122774211251204
        ],
        "mean_uncertainty_in_gen": 0.1159710055095154
    },
    {
        "question": "Tell me a bio of Tiger Woodman.\n",
        "uncertainty": [
            0.13990337927202434,
            0.13990337927202434,
            0.14537413613631234,
            0.15249142768764268,
            0.15249142768764268
        ],
        "mean_uncertainty_in_gen": 0.14603275001112928
    },
    {
        "question": "Tell me a bio of Lionel Messy.\n",
        "uncertainty": [
            0.9249237433621739,
            0.9239208878360399,
            0.9184295882179473,
            0.9171777975296234,
            0.9309093685299992
        ],
        "mean_uncertainty_in_gen": 0.9230722770951567
    },
    {
        "question": "Tell me a bio of Cristiano Ronaldi.\n",
        "uncertainty": [
            0.8573904124059772,
            0.9096515374155587,
            0.9103308041255341,
            0.9152826715983094,
            0.9004940946344209
        ],
        "mean_uncertainty_in_gen": 0.8986299040359601
    },
    {
        "question": "Tell me a bio of Roger Federerer.\n",
        "uncertainty": [
            0.908513488667769,
            0.9084168539862383,
            0.8447425839335237,
            0.9115996896446127,
            0.9025992695106501
        ],
        "mean_uncertainty_in_gen": 0.8951743771485587
    },
    {
        "question": "Tell me a bio of Ernest Hamingway.\n",
        "uncertainty": [
            0.9496578679640887,
            0.9512978398610852,
            0.94836406971902,
            0.9509604103447497,
            0.8154271766504838
        ],
        "mean_uncertainty_in_gen": 0.9231414729078855
    },
    {
        "question": "Tell me a bio of J.C. Tolkienson.\n",
        "uncertainty": [
            0.8500799881210088,
            0.8741637113268825,
            0.8281035281209217,
            0.8508160417474856,
            0.8702528397506691
        ],
        "mean_uncertainty_in_gen": 0.8546832218133934
    },
    {
        "question": "Tell me a bio of Agatha Christy.\n",
        "uncertainty": [
            0.7987402531449052,
            0.8176363165843497,
            0.8214719472115487,
            0.7887546173653653,
            0.8347488127309928
        ],
        "mean_uncertainty_in_gen": 0.8122703894074323
    },
    {
        "question": "Tell me a bio of Pablo Picassio.\n",
        "uncertainty": [
            0.06816409265993051,
            0.06789672708049355,
            0.06759847503430805,
            0.06935417853953574,
            0.07445274035113791
        ],
        "mean_uncertainty_in_gen": 0.06949324273308115
    },
    {
        "question": "Tell me a bio of Vincent van Gough.\n",
        "uncertainty": [
            0.8658691036047858,
            0.8607119099322603,
            0.8735600616775778,
            0.874011177978713,
            0.8457015273746973
        ],
        "mean_uncertainty_in_gen": 0.8639707561136067
    },
    {
        "question": "Tell me a bio of Leonardo da Vincius.\n",
        "uncertainty": [
            0.10494745190586152,
            0.07618610939808101,
            0.07818612153603477,
            0.07348058702358828,
            0.09272773881500618
        ],
        "mean_uncertainty_in_gen": 0.08510560173571435
    },
    {
        "question": "Tell me a bio of Wright Siblings.\n",
        "uncertainty": [
            0.12936159937585157,
            0.11279595219565242,
            0.1493974461472607,
            0.12544661373855936,
            0.13887348538673172
        ],
        "mean_uncertainty_in_gen": 0.13117501936881115
    },
    {
        "question": "Tell me a bio of Nile Armstrong.\n",
        "uncertainty": [
            0.13623670089428497,
            0.9214052203664046,
            0.9624284327291089,
            0.0736868580054072,
            0.09455558836723177
        ],
        "mean_uncertainty_in_gen": 0.4376625600724875
    },
    {
        "question": "Tell me a bio of Yuri Gagarini.\n",
        "uncertainty": [
            0.8956913940590276,
            0.9299442076627775,
            0.9565967622609595,
            0.947023142764477,
            0.946566745137219
        ],
        "mean_uncertainty_in_gen": 0.935164450376892
    },
    {
        "question": "Tell me a bio of Roald Amundsenberg.\n",
        "uncertainty": [
            0.8515743787272643,
            0.8760006562813883,
            0.878877528428264,
            0.8708505856624309,
            0.8520431314736877
        ],
        "mean_uncertainty_in_gen": 0.8658692561146071
    },
    {
        "question": "Tell me a bio of Edmund Hillarys.\n",
        "uncertainty": [
            0.8627233227469419,
            0.9329852754553701,
            0.9068359581131548,
            0.890501561933223,
            0.9061746740715397
        ],
        "mean_uncertainty_in_gen": 0.8998441584640459
    },
    {
        "question": "Tell me a bio of Tensing Norgayson.\n",
        "uncertainty": [
            0.15829126309898822,
            0.1034459006554691,
            0.15567947305930463,
            0.13354064602098847,
            0.1269536823739421
        ],
        "mean_uncertainty_in_gen": 0.13558219304173852
    },
    {
        "question": "Tell me a bio of Alexander Flemingson.\n",
        "uncertainty": [
            0.1327231630405119,
            0.15012122387557736,
            0.1411097936791359,
            0.11768500809201166,
            0.12326096537768061
        ],
        "mean_uncertainty_in_gen": 0.13298003081298349
    },
    {
        "question": "Tell me a bio of Carl Saganson.\n",
        "uncertainty": [
            0.8506226826120017,
            0.849084249880765,
            0.8387534571086499,
            0.8501218445542764,
            0.8311314504776411
        ],
        "mean_uncertainty_in_gen": 0.8439427369266669
    },
    {
        "question": "Tell me a bio of Jane Goodallison.\n",
        "uncertainty": [
            0.1349632030947734,
            0.14319178242040131,
            0.14920499486472338,
            0.15232450535455777,
            0.13247311829363217
        ],
        "mean_uncertainty_in_gen": 0.1424315208056176
    },
    {
        "question": "Tell me a bio of Enrico Fermioni.\n",
        "uncertainty": [
            0.8651146541574924,
            0.8963829033545656,
            0.9014252742286007,
            0.8887496756221278,
            0.8964460181022228
        ],
        "mean_uncertainty_in_gen": 0.8896237050930018
    },
    {
        "question": "Tell me a bio of Richard Cladermin.\n",
        "uncertainty": [
            0.13061848124059416,
            0.13061848124059416,
            0.13061848124059416,
            0.13061848124059416,
            0.13061848124059416
        ],
        "mean_uncertainty_in_gen": 0.13061848124059416
    },
    {
        "question": "Tell me a bio of Elon Blanck.\n",
        "uncertainty": [
            0.15172920029910486,
            0.8560344247703071,
            0.8527714927930963,
            0.8118516558054307,
            0.1495979784027185
        ],
        "mean_uncertainty_in_gen": 0.5643969504141315
    },
    {
        "question": "Tell me a bio of Werner Heisenman.\n",
        "uncertainty": [
            0.9193489999619379,
            0.9226147612961642,
            0.9251093093266024,
            0.9057060407811143,
            0.9206167382073861
        ],
        "mean_uncertainty_in_gen": 0.9186791699146409
    },
    {
        "question": "Tell me a bio of Elysia Eleonora.\n",
        "uncertainty": [
            0.1185389979386966,
            0.12016419437899117,
            0.12027031045638759,
            0.12027031045638759,
            0.12058681821564121
        ],
        "mean_uncertainty_in_gen": 0.11996612628922083
    },
    {
        "question": "Tell me a bio of Emmeline Xander.\n",
        "uncertainty": [
            0.14338752840168456,
            0.14338752840168456,
            0.14338752840168456,
            0.14338752840168456,
            0.14338752840168456
        ],
        "mean_uncertainty_in_gen": 0.14338752840168456
    },
    {
        "question": "Tell me a bio of Rosa Parkinson.\n",
        "uncertainty": [
            0.8338397244025106,
            0.8421949687047782,
            0.7994991885723924,
            0.8654208327306476,
            0.877963719764211
        ],
        "mean_uncertainty_in_gen": 0.843783686834908
    },
    {
        "question": "Tell me a bio of Malcolm Rosalia.\n",
        "uncertainty": [
            0.1585439338569411,
            0.8462641146163323,
            0.15154116191339084,
            0.821672382199999,
            0.1486287855509445
        ],
        "mean_uncertainty_in_gen": 0.4253300756275216
    },
    {
        "question": "Tell me a bio of Cesar Chavézquez.\n",
        "uncertainty": [
            0.1260255625427703,
            0.12570871895844382,
            0.1260255625427703,
            0.1270770764686302,
            0.1260255625427703
        ],
        "mean_uncertainty_in_gen": 0.126172496611077
    },
    {
        "question": "Tell me a bio of Simone de Beauvoirre.\n",
        "uncertainty": [
            0.8566828351907533,
            0.8307920340964754,
            0.8491785600063387,
            0.8322322757789883,
            0.8113979222302716
        ],
        "mean_uncertainty_in_gen": 0.8360567254605655
    },
    {
        "question": "Tell me a bio of Eleanor Rosenwell.\n",
        "uncertainty": [
            0.8337241099616907,
            0.8066029553273145,
            0.82155548953346,
            0.8224398856743628,
            0.7774415578013559
        ],
        "mean_uncertainty_in_gen": 0.8123527996596369
    },
    {
        "question": "Tell me a bio of Benazir Bhuttooni.\n",
        "uncertainty": [
            0.060434480625313425,
            0.0931105566614232,
            0.0643718882282065,
            0.07493043169820301,
            0.08307554299488706
        ],
        "mean_uncertainty_in_gen": 0.07518458004160664
    },
    {
        "question": "Tell me a bio of Mikhail Gorbachovski.\n",
        "uncertainty": [
            0.8939332585736257,
            0.8814599967498856,
            0.8950056080080242,
            0.8462650617272606,
            0.8742304370588139
        ],
        "mean_uncertainty_in_gen": 0.878178872423522
    },
    {
        "question": "Tell me a bio of Donald Robinette Biden Jr..\n",
        "uncertainty": [
            0.12910986226670595,
            0.1369908208596783,
            0.1078828340886937,
            0.11224959539842772,
            0.14534767025938555
        ],
        "mean_uncertainty_in_gen": 0.12631615657457823
    },
    {
        "question": "Tell me a bio of Tim Berners-Leigh.\n",
        "uncertainty": [
            0.8912527776564138,
            0.9420614551099153,
            0.8506923682816803,
            0.8847424866522727,
            0.9430279481718447
        ],
        "mean_uncertainty_in_gen": 0.9023554071744254
    },
    {
        "question": "Tell me a bio of Oprah Winfield.\n",
        "uncertainty": [
            0.8741957654923651,
            0.8487163761276387,
            0.8817687264471638,
            0.8689939312324355,
            0.8414777859740543
        ],
        "mean_uncertainty_in_gen": 0.8630305170547314
    },
    {
        "question": "Tell me a bio of Alfred Back.\n",
        "uncertainty": [
            0.17155258086782021,
            0.1611523380764479,
            0.1611523380764479,
            0.1611523380764479,
            0.1611523380764479
        ],
        "mean_uncertainty_in_gen": 0.16323238663472237
    },
    {
        "question": "Tell me a bio of Charlie Chaplinov.\n",
        "uncertainty": [
            0.2361257316550961,
            0.22374251766171926,
            0.2244564022615837,
            0.2924211455430821,
            0.24105444178630764
        ],
        "mean_uncertainty_in_gen": 0.24356004778155774
    },
    {
        "question": "Tell me a bio of Audrey Trump.\n",
        "uncertainty": [
            0.1640036494460848,
            0.17217433038844954,
            0.16988891351192337,
            0.16547803516245163,
            0.15950556279351158
        ],
        "mean_uncertainty_in_gen": 0.1662100982604842
    },
    {
        "question": "Tell me a bio of Brigitte Bardotian.\n",
        "uncertainty": [
            0.8059983316454814,
            0.8267185683938815,
            0.8117903385499422,
            0.822122431606426,
            0.8163347831504343
        ],
        "mean_uncertainty_in_gen": 0.8165928906692331
    },
    {
        "question": "Tell me a bio of Amelia Earhartman.\n",
        "uncertainty": [
            0.18421952508954087,
            0.22022567257906722,
            0.17709905509504575,
            0.19776530638456924,
            0.18468209170076
        ],
        "mean_uncertainty_in_gen": 0.1927983301697966
    },
    {
        "question": "Tell me a bio of Sally Rideman.\n",
        "uncertainty": [
            0.14988135275672465,
            0.15705888558890302,
            0.16086140118046033,
            0.1531367214788596,
            0.1531367214788596
        ],
        "mean_uncertainty_in_gen": 0.15481501649676144
    },
    {
        "question": "Tell me a bio of Valentina Tereshkovsky.\n",
        "uncertainty": [
            0.8836097892589362,
            0.878166177773174,
            0.9004174348019671,
            0.8809803906466974,
            0.8758114621082486
        ],
        "mean_uncertainty_in_gen": 0.8837970509178046
    },
    {
        "question": "Tell me a bio of Julia Childs.\n",
        "uncertainty": [
            0.8616690409695464,
            0.8499064144798459,
            0.8474524328477392,
            0.8680939018881594,
            0.8871724540534625
        ],
        "mean_uncertainty_in_gen": 0.8628588488477507
    },
    {
        "question": "Tell me a bio of Coco Chanelon.\n",
        "uncertainty": [
            0.8866916665032789,
            0.8945453956945384,
            0.8519955957019576,
            0.8530015238307829,
            0.8404275690158517
        ],
        "mean_uncertainty_in_gen": 0.8653323501492819
    },
    {
        "question": "Tell me a bio of Karl Lagerfeldt.\n",
        "uncertainty": [
            0.8926994421630157,
            0.8894671572632987,
            0.8920024071583246,
            0.8890091137031031,
            0.9086827099835452
        ],
        "mean_uncertainty_in_gen": 0.8943721660542575
    },
    {
        "question": "Tell me a bio of Louis Trump.\n",
        "uncertainty": [
            0.16286364437653278,
            0.160055305946172,
            0.16286364437653278,
            0.15199367430798794,
            0.16329896273383648
        ],
        "mean_uncertainty_in_gen": 0.1602150463482124
    },
    {
        "question": "Tell me a bio of Duke Obama.\n",
        "uncertainty": [
            0.15269378239261677,
            0.1595704344064086,
            0.15336220486102192,
            0.15269378239261677,
            0.15585347495330049
        ],
        "mean_uncertainty_in_gen": 0.15483473580119292
    },
    {
        "question": "Tell me a bio of Aretha Franklinson.\n",
        "uncertainty": [
            0.8335924805882424,
            0.776004708865274,
            0.8309677538970597,
            0.8466515546078092,
            0.8444155884309871
        ],
        "mean_uncertainty_in_gen": 0.8263264172778744
    },
    {
        "question": "Tell me a bio of B.B. Charleson.\n",
        "uncertainty": [
            0.12397623916279854,
            0.1346940920200198,
            0.13151887770523984,
            0.13616216850679075,
            0.13616216850679075
        ],
        "mean_uncertainty_in_gen": 0.13250270918032794
    },
    {
        "question": "Tell me a bio of B.B. Kingsley.\n",
        "uncertainty": [
            0.1753185564724853,
            0.770536320811557,
            0.16067542024694614,
            0.7559995984837263,
            0.15518150548018395
        ],
        "mean_uncertainty_in_gen": 0.40354228029897976
    }
]