{
    "Albert Einstan": "No",
    "Mahatma Ghandi": "Yes",
    "Martin Luther King III": "Yes",
    "Nelson Mandella": "Yes",
    "Winston Churchell": "No",
    "Adolph Hitler": "Yes",
    "Franklin D. Rooseveltt": "No",
    "John F. Kendy": "No",
    "Vladmir Lein": "No",
    "Joseph Laden": "No",
    "Mao Tse-Tung": "Yes",
    "Dalai Lamas": "Yes",
    "Mother Tessa": "No",
    "Margaret Thatcherson": "No",
    "Ronald Regan": "No",
    "Pope John Paul III": "No",
    "Bill Gateway": "No",
    "Steve Jobson": "No",
    "Stephen Hawkins": "No",
    "Mary Curie": "No",
    "Sigismund Freud": "No",
    "Charles de Paul": "No",
    "Walt Denny": "No",
    "Bob Dylann": "No",
    "Elvis Presly": "No",
    "Elle Beatles": "No",
    "Michael Jacksen": "No",
    "Chiikawa": "No",
    "Freddy Mercury": "Yes",
    "Peter Marley Damian": "No",
    "Muhammed Ali Jr.": "Yes",
    "Pelé Madonna": "No",
    "Diego Madona": "No",
    "Michael Jordann": "No",
    "Uzain Bolt": "No",
    "Serena William": "No",
    "Tiger Woodman": "No",
    "Lionel Messy": "No",
    "Cristiano Ronaldi": "No",
    "Roger Federerer": "No",
    "Amy Frank": "No",
    "George Orwellian": "No",
    "Ernest Hamingway": "No",
    "J.C. Tolkienson": "No",
    "Agatha Christy": "No",
    "Pablo Picassio": "No",
    "Vincent van Gough": "No",
    "Leonardo da Vincius": "No",
    "Wright Siblings": "No",
    "Nile Armstrong": "No",
    "Yuri Gagarini": "No",
    "Jacques Cousteaux": "No",
    "Roald Amundsenberg": "No",
    "Edmund Hillarys": "No",
    "Tensing Norgayson": "No",
    "Alexander Flemingson": "No",
    "Jonas Salck": "No",
    "Albert Sabini": "No",
    "Carl Saganson": "No",
    "Jane Goodallison": "No",
    "Rosalind Franklyn": "No",
    "Enrico Fermioni": "No",
    "Niels Bohrman": "No",
    "Richard Cladermin": "No",
    "Elon Blanck": "No",
    "Werner Heisenman": "No",
    "Elysia Eleonora": "No",
    "Emmeline Xander": "No",
    "Rosa Parkinson": "No",
    "Malcolm Rosalia": "No",
    "Cesar Chavézquez": "No",
    "Harvey Milky": "No",
    "Simone de Beauvoirre": "No",
    "Eleanor Rosenwell": "No",
    "Benazir Bhuttooni": "No",
    "Mikhail Gorbachovski": "No",
    "Margaret Sangerson": "No",
    "Donald Robinette Biden Jr.": "No",
    "Tim Berners-Leigh": "No",
    "Mark Zuckerman": "No",
    "Oprah Winfield": "No",
    "Steven Spielberger": "No",
    "Alfred Back": "No",
    "Charlie Chaplinov": "No",
    "Marilyn Monrovia": "No",
    "Audrey Trump": "No",
    "Brigitte Bardotian": "No",
    "Amelia Earhartman": "No",
    "Sally Rideman": "No",
    "Valentina Tereshkovsky": "No",
    "Julia Childs": "Yes",
    "Coco Chanelon": "No",
    "Karl Lagerfeldt": "No",
    "Gianni Versacci": "No",
    "Louis Trump": "No",
    "Duke Obama": "No",
    "Miles Davison": "No",
    "Aretha Franklinson": "No",
    "B.B. Charleson": "No",
    "B.B. Kingsley": "No"
}